<?xml version="1.0" encoding="UTF-8"?>
<project-private xmlns="http://www.netbeans.org/ns/project-private/1">
    <editor-bookmarks xmlns="http://www.netbeans.org/ns/editor-bookmarks/2" lastBookmarkId="0"/>
    <open-files xmlns="http://www.netbeans.org/ns/projectui-open-files/2">
        <group>
            <file>file:/C:/Users/joaop/Desktop/JotaroProject/src/jotaroproject/Character.java</file>
            <file>file:/C:/Users/joaop/Desktop/JotaroProject/src/jotaroproject/JotaroProject.java</file>
            <file>file:/C:/Users/joaop/Desktop/JotaroProject/src/jotaroproject/TimeStop_class.java</file>
            <file>file:/C:/Users/joaop/Desktop/JotaroProject/src/jotaroproject/Inventario.java</file>
        </group>
    </open-files>
</project-private>
